INSERT INTO `civilite` (`id_civilite`,`libelle`) VALUES (1,'Monsieur');
INSERT INTO `civilite` (`id_civilite`,`libelle`) VALUES (2,'Madame');

INSERT INTO `utilisateur` (`id_utilisateur`,`email`,`nom`,`password`,`prenom`,`login`,`id_civilite`) VALUES (1,'james@live.fr','Grégoire','jamesal31','Lépicier','james',1);
INSERT INTO `utilisateur` (`id_utilisateur`,`email`,`nom`,`password`,`prenom`,`login`,`id_civilite`) VALUES (2,'spartacus@hotmail.fr','Pascal','fugpas','Fugère','spacta',1);
INSERT INTO `utilisateur` (`id_utilisateur`,`email`,`nom`,`password`,`prenom`,`login`,`id_civilite`) VALUES (3,'naruto@yahoo.com','France','narutoal31','Margand','margan',2);
INSERT INTO `utilisateur` (`id_utilisateur`,`email`,`nom`,`password`,`prenom`,`login`,`id_civilite`) VALUES (4,'worder@live.fr','Jérôme','wonderal31','Chastain','jerchast',1);
INSERT INTO `utilisateur` (`id_utilisateur`,`email`,`nom`,`password`,`prenom`,`login`,`id_civilite`) VALUES (5,'calipso@hotmail.fr','Chantal','calipsoal31','Bernier','berny',2);
INSERT INTO `utilisateur` (`id_utilisateur`,`email`,`nom`,`password`,`prenom`,`login`,`id_civilite`) VALUES (6,'guillaume@gmail.com','Nadrault','guial31','Guillaume','guinad',1);
INSERT INTO `utilisateur` (`id_utilisateur`,`email`,`nom`,`password`,`prenom`,`login`,`id_civilite`) VALUES (7,'kevin@yahoo.com','Kevin','kevinal31','Kevin','sniper',1);
INSERT INTO `utilisateur` (`id_utilisateur`,`email`,`nom`,`password`,`prenom`,`login`,`id_civilite`) VALUES (8,'alexis@laposte.fr','Alexis','alexisal31','Alexis','papapola',1);
INSERT INTO `utilisateur` (`id_utilisateur`,`email`,`nom`,`password`,`prenom`,`login`,`id_civilite`) VALUES (9,'tbosco@hotmail.fr','Brahima','bral31','Brahima','brahima',1);
INSERT INTO `utilisateur` (`id_utilisateur`,`email`,`nom`,`password`,`prenom`,`login`,`id_civilite`) VALUES (10,'chris@wannadoo.fr','Christopher','chrisal31','Christopher','christopher',1);
INSERT INTO `utilisateur` (`id_utilisateur`,`email`,`nom`,`password`,`prenom`,`login`,`id_civilite`) VALUES (11,'tiph@hotmail.fr','Blaise','tiphal31','Tiphanie','tiph',2);
INSERT INTO `utilisateur` (`id_utilisateur`,`email`,`nom`,`password`,`prenom`,`login`,`id_civilite`) VALUES (12,'maria@yahoo.com','Maria','marial31','Maria','maria',2);
INSERT INTO `utilisateur` (`id_utilisateur`,`email`,`nom`,`password`,`prenom`,`login`,`id_civilite`) VALUES (13,'lud@yahoo.fr','Ludo','ludal31','Ludo','ludo75',1);
INSERT INTO `utilisateur` (`id_utilisateur`,`email`,`nom`,`password`,`prenom`,`login`,`id_civilite`) VALUES (14,'jul@hotmail.com','Di Berardino','julal31','Julien','julien91',1);
INSERT INTO `utilisateur` (`id_utilisateur`,`email`,`nom`,`password`,`prenom`,`login`,`id_civilite`) VALUES (15,'sako@yahoo.com','Sakho','fousal31','Fousseynou','fous008',1);
INSERT INTO `utilisateur` (`id_utilisateur`,`email`,`nom`,`password`,`prenom`,`login`,`id_civilite`) VALUES (16,'dimi@laposte.fr','Nikopoulos','dimial31','Dimitri','dimi127',1);
INSERT INTO `utilisateur` (`id_utilisateur`,`email`,`nom`,`password`,`prenom`,`login`,`id_civilite`) VALUES (17,'lieve@yahoo.fr','Verheyden','lieval31','Lieve','liev002',2);
INSERT INTO `utilisateur` (`id_utilisateur`,`email`,`nom`,`password`,`prenom`,`login`,`id_civilite`) VALUES (18,'alexan@wannadoo.com','Pimenta','alexaal31','Alexandra','alexa12',2);
INSERT INTO `utilisateur` (`id_utilisateur`,`email`,`nom`,`password`,`prenom`,`login`,`id_civilite`) VALUES (19,'cyril@hotmail.com','Gerbeaux','cyrilal31','Cyril','cyril080',1);
INSERT INTO `utilisateur` (`id_utilisateur`,`email`,`nom`,`password`,`prenom`,`login`,`id_civilite`) VALUES (20,'dani@wannadoo.fr','Zysman','danial31','Daniel','danSniper',1);
INSERT INTO `utilisateur` (`id_utilisateur`,`email`,`nom`,`password`,`prenom`,`login`,`id_civilite`) VALUES (21,'int@yahoo.fr','Henry','intal31','Narcisse','hennar',1);
INSERT INTO `utilisateur` (`id_utilisateur`,`email`,`nom`,`password`,`prenom`,`login`,`id_civilite`) VALUES (22,'admin@kikatou.fr','Admin','admin','Admin','admin',1);

INSERT INTO `client` (`date_inscription`,`date_desinscription`,`date_debut_suspension`,`date_fin_suspension`,`date_naissance`,`motif_suspension`,`num_tel_portable`,`num_tel_fixe`,`id_utilisateur`,`ville`,`code_postal`,`adresse`) VALUES ('2018-02-23 00:00:00',NULL,NULL,NULL,'1990-08-10 00:00:00',NULL,'0678442827','0187159195',1,'ORSAY','91400','25 Rue de Meaux');
INSERT INTO `client` (`date_inscription`,`date_desinscription`,`date_debut_suspension`,`date_fin_suspension`,`date_naissance`,`motif_suspension`,`num_tel_portable`,`num_tel_fixe`,`id_utilisateur`,`ville`,`code_postal`,`adresse`) VALUES ('2018-01-07 00:00:00',NULL,NULL,NULL,'1988-09-11 00:00:00',NULL,'0699255536','0138659360',2,'ST AUBIN','91190','25 Rue de Meaux');
INSERT INTO `client` (`date_inscription`,`date_desinscription`,`date_debut_suspension`,`date_fin_suspension`,`date_naissance`,`motif_suspension`,`num_tel_portable`,`num_tel_fixe`,`id_utilisateur`,`ville`,`code_postal`,`adresse`) VALUES ('2018-03-24 00:00:00',NULL,NULL,NULL,'1992-04-25 00:00:00',NULL,'0642235065','0124609743',3,'PUTEAUX','92800','25 Rue de Meaux');
INSERT INTO `client` (`date_inscription`,`date_desinscription`,`date_debut_suspension`,`date_fin_suspension`,`date_naissance`,`motif_suspension`,`num_tel_portable`,`num_tel_fixe`,`id_utilisateur`,`ville`,`code_postal`,`adresse`) VALUES ('2018-01-22 00:00:00',NULL,NULL,NULL,'1994-09-13 00:00:00',NULL,'0681694955','0121634313',4,'NEUILLY PLAISANCE','93360','25 Rue de Meaux');
INSERT INTO `client` (`date_inscription`,`date_desinscription`,`date_debut_suspension`,`date_fin_suspension`,`date_naissance`,`motif_suspension`,`num_tel_portable`,`num_tel_fixe`,`id_utilisateur`,`ville`,`code_postal`,`adresse`) VALUES ('2018-03-02 00:00:00',NULL,NULL,NULL,'1994-10-11 00:00:00',NULL,'0640689813','0198073096',5,'CRETEIL','94000','25 Rue de Meaux');
INSERT INTO `client` (`date_inscription`,`date_desinscription`,`date_debut_suspension`,`date_fin_suspension`,`date_naissance`,`motif_suspension`,`num_tel_portable`,`num_tel_fixe`,`id_utilisateur`,`ville`,`code_postal`,`adresse`) VALUES ('2018-01-01 00:00:00',NULL,NULL,NULL,'1994-11-20 00:00:00',NULL,'0615576474','0174200352',6,'PARIS 03','75003','25 Rue de Meaux');
INSERT INTO `client` (`date_inscription`,`date_desinscription`,`date_debut_suspension`,`date_fin_suspension`,`date_naissance`,`motif_suspension`,`num_tel_portable`,`num_tel_fixe`,`id_utilisateur`,`ville`,`code_postal`,`adresse`) VALUES ('2018-02-03 00:00:00',NULL,NULL,NULL,'1995-10-09 00:00:00',NULL,'0607758458','0165297389',7,'PARIS 05','75005','25 Rue de Meaux');
INSERT INTO `client` (`date_inscription`,`date_desinscription`,`date_debut_suspension`,`date_fin_suspension`,`date_naissance`,`motif_suspension`,`num_tel_portable`,`num_tel_fixe`,`id_utilisateur`,`ville`,`code_postal`,`adresse`) VALUES ('2018-02-07 00:00:00',NULL,NULL,NULL,'1992-11-06 00:00:00',NULL,'0685163190','0115763231',8,'PARIS 08','75008','25 Rue de Meaux');
INSERT INTO `client` (`date_inscription`,`date_desinscription`,`date_debut_suspension`,`date_fin_suspension`,`date_naissance`,`motif_suspension`,`num_tel_portable`,`num_tel_fixe`,`id_utilisateur`,`ville`,`code_postal`,`adresse`) VALUES ('2018-03-10 00:00:00',NULL,NULL,NULL,'1988-06-28 00:00:00',NULL,'0670024260','0151560422',9,'PARIS 10','75010','25 Rue de Meaux');
INSERT INTO `client` (`date_inscription`,`date_desinscription`,`date_debut_suspension`,`date_fin_suspension`,`date_naissance`,`motif_suspension`,`num_tel_portable`,`num_tel_fixe`,`id_utilisateur`,`ville`,`code_postal`,`adresse`) VALUES ('2018-01-05 00:00:00',NULL,NULL,NULL,'1993-07-15 00:00:00',NULL,'0620798560','0112976066',10,'PARIS 12','75012','25 Rue de Meaux');
INSERT INTO `client` (`date_inscription`,`date_desinscription`,`date_debut_suspension`,`date_fin_suspension`,`date_naissance`,`motif_suspension`,`num_tel_portable`,`num_tel_fixe`,`id_utilisateur`,`ville`,`code_postal`,`adresse`) VALUES ('2018-04-10 00:00:00',NULL,NULL,NULL,'1995-02-20 00:00:00',NULL,'0677035897','0195578476',11,'PARIS 15','75015','25 Rue de Meaux');
INSERT INTO `client` (`date_inscription`,`date_desinscription`,`date_debut_suspension`,`date_fin_suspension`,`date_naissance`,`motif_suspension`,`num_tel_portable`,`num_tel_fixe`,`id_utilisateur`,`ville`,`code_postal`,`adresse`) VALUES ('2018-04-01 00:00:00',NULL,NULL,NULL,'1990-09-22 00:00:00',NULL,'0639019592','0105589978',12,'PARIS 18','75018','25 Rue de Meaux');
INSERT INTO `client` (`date_inscription`,`date_desinscription`,`date_debut_suspension`,`date_fin_suspension`,`date_naissance`,`motif_suspension`,`num_tel_portable`,`num_tel_fixe`,`id_utilisateur`,`ville`,`code_postal`,`adresse`) VALUES ('2018-04-03 00:00:00',NULL,NULL,NULL,'1991-10-12 00:00:00',NULL,'0655062997','0195343439',13,'PARIS 20','75020','25 Rue de Meaux');
INSERT INTO `client` (`date_inscription`,`date_desinscription`,`date_debut_suspension`,`date_fin_suspension`,`date_naissance`,`motif_suspension`,`num_tel_portable`,`num_tel_fixe`,`id_utilisateur`,`ville`,`code_postal`,`adresse`) VALUES ('2018-02-09 00:00:00',NULL,NULL,NULL,'1996-12-12 00:00:00',NULL,'0672563280','0121269751',14,'SEVRES','92310','25 Rue de Meaux');
INSERT INTO `client` (`date_inscription`,`date_desinscription`,`date_debut_suspension`,`date_fin_suspension`,`date_naissance`,`motif_suspension`,`num_tel_portable`,`num_tel_fixe`,`id_utilisateur`,`ville`,`code_postal`,`adresse`) VALUES ('2018-03-04 00:00:00',NULL,NULL,NULL,'1990-08-23 00:00:00',NULL,'0610572593','0116835243',15,'BOULOGNE BILLANCOURT','92100','25 Rue de Meaux');
INSERT INTO `client` (`date_inscription`,`date_desinscription`,`date_debut_suspension`,`date_fin_suspension`,`date_naissance`,`motif_suspension`,`num_tel_portable`,`num_tel_fixe`,`id_utilisateur`,`ville`,`code_postal`,`adresse`) VALUES ('2018-04-05 00:00:00',NULL,NULL,NULL,'1991-09-24 00:00:00',NULL,'0685025788','0116204690',16,'MONTROUGE','92120','25 Rue de Meaux');
INSERT INTO `client` (`date_inscription`,`date_desinscription`,`date_debut_suspension`,`date_fin_suspension`,`date_naissance`,`motif_suspension`,`num_tel_portable`,`num_tel_fixe`,`id_utilisateur`,`ville`,`code_postal`,`adresse`) VALUES ('2018-02-02 00:00:00',NULL,NULL,NULL,'1995-11-20 00:00:00',NULL,'0695798867','0188592509',17,'ISSY-LES-MOULINEAUX','92130','25 Rue de Meaux');
INSERT INTO `client` (`date_inscription`,`date_desinscription`,`date_debut_suspension`,`date_fin_suspension`,`date_naissance`,`motif_suspension`,`num_tel_portable`,`num_tel_fixe`,`id_utilisateur`,`ville`,`code_postal`,`adresse`) VALUES ('2018-04-05 00:00:00',NULL,NULL,NULL,'1990-06-28 00:00:00',NULL,'0625731597','0126707863',18,'NANTERRE','92000','25 Rue de Meaux');
INSERT INTO `client` (`date_inscription`,`date_desinscription`,`date_debut_suspension`,`date_fin_suspension`,`date_naissance`,`motif_suspension`,`num_tel_portable`,`num_tel_fixe`,`id_utilisateur`,`ville`,`code_postal`,`adresse`) VALUES ('2018-03-12 00:00:00',NULL,NULL,NULL,'1994-09-12 00:00:00',NULL,'0690968418','0187542154',19,'DRANCY','93700','25 Rue de Meaux');
INSERT INTO `client` (`date_inscription`,`date_desinscription`,`date_debut_suspension`,`date_fin_suspension`,`date_naissance`,`motif_suspension`,`num_tel_portable`,`num_tel_fixe`,`id_utilisateur`,`ville`,`code_postal`,`adresse`) VALUES ('2018-03-12 00:00:00',NULL,NULL,NULL,'1990-03-30 00:00:00',NULL,'0603015404','0112976066',20,'COURBEVOIE','92400','25 Rue de Meaux');
INSERT INTO `client` (`date_inscription`,`date_desinscription`,`date_debut_suspension`,`date_fin_suspension`,`date_naissance`,`motif_suspension`,`num_tel_portable`,`num_tel_fixe`,`id_utilisateur`,`ville`,`code_postal`,`adresse`) VALUES ('2018-02-20 00:00:00',NULL,NULL,NULL,'1993-07-31 00:00:00',NULL,'0617456354','0195578476',21,'MALAKOFF','92240','25 Rue de Meaux');

INSERT INTO `admin` (`id_utilisateur`) VALUES(22);
